Precio,Expensas,Direccion,Superficie,Dormitorios,Banos,Antiguedad,Ambientes,Fuente,ciudad
450000,70000,"61 700, Piso 2",50  m² cubie.,1 dorm.,No disponible,a estrenar,No disponible,argenprop,Buenos Aires
550000,70000,"37 1500, Piso 1",65  m² cubie.,2 dorm.,No disponible,8 años,No disponible,argenprop,Buenos Aires
420000,50000,ALQUILER DEPARTAMENTO 1 DORMITORIO ZONA PARQUE CASTELLI,42  m² cubie.,1 dorm.,No disponible,20 años,No disponible,argenprop,Buenos Aires
420000,50000,ZONA FACULTADES DIAG 113 Y 64,45  m² cubie.,1 dorm.,No disponible,15 años,No disponible,argenprop,Buenos Aires
460000,92000,"11 entre 43 y 44 , Piso 14",37  m² cubie.,1 dorm.,No disponible,15 años,No disponible,argenprop,Buenos Aires
320000,52000,"66 100, Piso 2",30  m² cubie.,1 dorm.,No disponible,20 años,No disponible,argenprop,Buenos Aires
490000,63000,"24 1300, Piso 1",45  m² cubie.,1 dorm.,No disponible,15 años,No disponible,argenprop,Buenos Aires
500000,32000,45 entre 17 y 18,No disponible,1 dorm.,1 baño,10 años,No disponible,argenprop,Buenos Aires
800000,75000,7 esquina 51,No disponible,3 dorm.,1 baño,80 años,No disponible,argenprop,Buenos Aires
430000,45000,62 al 800,45  m² cubie.,1 dorm.,No disponible,4 años,No disponible,argenprop,Buenos Aires
450000,No disponible,56  e 13 y 14 900,No disponible,1 dorm.,1 baño,No disponible,2 ambientes,argenprop,Buenos Aires
500000,No disponible,24 e/47 y 48 N°795 700,56  m² cubie.,2 dorm.,No disponible,35 años,No disponible,argenprop,Buenos Aires
450000,No disponible,21 e/ 47 y 48 700,No disponible,1 dorm.,1 baño,30 años,No disponible,argenprop,Buenos Aires
400000,No disponible,23 e/44 y 45,No disponible,1 dorm.,1 baño,18 años,No disponible,argenprop,Buenos Aires
380000,No disponible,63 y 21,No disponible,No disponible,1 baño,No disponible,No disponible,argenprop,Buenos Aires
583000,70000,26 e/ 38 y 39,42  m² cubie.,1 dorm.,No disponible,8 años,No disponible,argenprop,Buenos Aires
570000,No disponible,"1 entre 68y69 1700, Piso PB",No disponible,2 dorm.,No disponible,50 años,3 ambientes,argenprop,Buenos Aires
700000,75000,46 e/ 10 Y 11,58  m² cubie.,2 dorm.,No disponible,18 años,No disponible,argenprop,Buenos Aires
550000,45000,"60 Entre 15 Y 16 , Piso 8",No disponible,1 dorm.,1 baño,12 años,No disponible,argenprop,Buenos Aires
350000,No disponible,"Calle 34 1300, Piso 1",40  m² cubie.,1 dorm.,No disponible,15 años,No disponible,argenprop,Buenos Aires
360000,94000,11 e/ 38 y 39,32  m² cubie.,No disponible,1 baño,a estrenar,No disponible,argenprop,Buenos Aires
460000,100000,39 e/ 11 y 12,40  m² cubie.,1 dorm.,No disponible,5 años,No disponible,argenprop,Buenos Aires
520000,70000,Calle 56 3 y 4,60  m² cubie.,1 dorm.,No disponible,12 años,No disponible,argenprop,Buenos Aires
400000,No disponible,"49 entre 136 y 137 2000, Piso 1",No disponible,No disponible,No disponible,30 años,No disponible,argenprop,Buenos Aires
600000,No disponible,9 e/ 47 y 48,65  m² cubie.,2 dorm.,No disponible,a estrenar,No disponible,argenprop,Buenos Aires
530000,No disponible,19 y 71,No disponible,2 dorm.,1 baño,No disponible,3 ambientes,argenprop,Buenos Aires
400000,No disponible,Calle 69 300,45  m² cubie.,1 dorm.,No disponible,a estrenar,No disponible,argenprop,Buenos Aires
300000,50000,Calle 11 1200,21  m² cubie.,1 dorm.,No disponible,15 años,No disponible,argenprop,Buenos Aires
650000,No disponible,Calle 69 300,70  m² cubie.,2 dorm.,No disponible,a estrenar,No disponible,argenprop,Buenos Aires
600000,130000,55 500,No disponible,No disponible,No disponible,40 años,No disponible,argenprop,Buenos Aires
320000,45000,4 al 1100,27  m² cubie.,No disponible,1 baño,40 años,No disponible,argenprop,Buenos Aires
420000,45000,57 entre 17 y 18,45  m² cubie.,1 dorm.,No disponible,a estrenar,No disponible,argenprop,Buenos Aires
400000,No disponible,Calle 41 entre Av. 19 y Calle,No disponible,2 dorm.,1 baño,No disponible,3 ambientes,argenprop,Buenos Aires
430000,85000,"Calle 55 400, Piso 14",41  m² cubie.,1 dorm.,No disponible,40 años,No disponible,argenprop,Buenos Aires
350000,No disponible,Plaza Paso,No disponible,No disponible,1 baño,No disponible,No disponible,argenprop,Buenos Aires
570000,No disponible,"19 300, Piso 8",38  m² cubie.,No disponible,No disponible,No disponible,No disponible,argenprop,Buenos Aires
480000,No disponible,"CALLE 6 35 Y 36 200, Piso P.B",55  m² cubie.,2 dorm.,No disponible,40 años,No disponible,argenprop,Buenos Aires
380000,No disponible,Diagonal 73 entre 24 y 40,No disponible,1 dorm.,1 baño,No disponible,3 ambientes,argenprop,Buenos Aires
370000,No disponible,Calle 14 entre 45 y 46,No disponible,2 dorm.,1 baño,No disponible,3 ambientes,argenprop,Buenos Aires
480000,No disponible,"56 100, Piso 5",No disponible,No disponible,No disponible,No disponible,No disponible,argenprop,Buenos Aires
420000,65000,"61 500, Piso 1",No disponible,1 dorm.,1 baño,12 años,No disponible,argenprop,Buenos Aires
No disponible,No disponible,"58 700, Piso PB",No disponible,No disponible,1 baño,No disponible,No disponible,argenprop,Buenos Aires
380000,80000,48 600,No disponible,1 dorm.,1 baño,30 años,No disponible,argenprop,Buenos Aires
No disponible,No disponible,6 e/32 y 33,No disponible,1 dorm.,1 baño,30 años,No disponible,argenprop,Buenos Aires
370000,68000,"Calle 115 1600, Piso 4",No disponible,1 dorm.,1 baño,No disponible,2 ambientes,argenprop,Buenos Aires
330000,No disponible,"Calle 26 1200, Piso 1",No disponible,1 dorm.,1 baño,No disponible,2 ambientes,argenprop,Buenos Aires
450000,No disponible,Calle 45 e/ 22 y 23,No disponible,1 dorm.,1 baño,25 años,No disponible,argenprop,Buenos Aires
440000,68000,Calle 12 44 y 45 al 623,32  m² cubie.,No disponible,1 baño,3 años,No disponible,argenprop,Buenos Aires
370000,31000,14 e/ 57 y 58,35  m² cubie.,No disponible,1 baño,a estrenar,No disponible,argenprop,Buenos Aires
340500,100000,22 e/ 44 y 45,30  m² cubie.,No disponible,1 baño,5 años,No disponible,argenprop,Buenos Aires
350000,No disponible,Arbo y Blanco 1100,No disponible,No disponible,No disponible,No disponible,No disponible,argenprop,Chaco
300000,30000,"Colon 1400, Piso 2",No disponible,1 dorm.,1 baño,No disponible,2 ambientes,argenprop,Chaco
500000,No disponible,AVENIDA HERNADARIAS 1900,No disponible,2 dorm.,No disponible,No disponible,3 ambientes,argenprop,Chaco
320000,No disponible,2 DE FEBRERO DE 1982 100,No disponible,3 dorm.,1 baño,No disponible,3 ambientes,argenprop,Chaco
420000,No disponible,NECOCHEA 500,No disponible,No disponible,1 baño,No disponible,No disponible,argenprop,Chaco
290000,50000,EDISON 800,No disponible,1 dorm.,1 baño,No disponible,2 ambientes,argenprop,Chaco
800000,130000,Roque Saenz PeÑa 200,No disponible,2 dorm.,1 baño,No disponible,3 ambientes,argenprop,Chaco
500000,No disponible,NECOCHEA 500,No disponible,1 dorm.,1 baño,No disponible,2 ambientes,argenprop,Chaco
650000,No disponible,"Necochea 200, Piso 1",80  m² cubie.,2 dorm.,No disponible,20 años,No disponible,argenprop,Chaco
260000,18000,Seitor 1600,30  m² cubie.,1 dorm.,1 baño,No disponible,No disponible,argenprop,Chaco
700000,No disponible,"Mitre 700, Piso 1",No disponible,3 dorm.,2 baños,No disponible,4 ambientes,argenprop,Chaco
300000,30000,"Ameghino 2100, Piso 1",30  m² cubie.,1 dorm.,1 baño,No disponible,No disponible,argenprop,Chaco
650000,250000,"SALTA 300, Piso 4",No disponible,1 dorm.,1 baño,No disponible,2 ambientes,argenprop,Chaco
600000,50000,"MONTEAGUDO 1000, Piso PB",65  m² cubie.,3 dorm.,No disponible,20 años,No disponible,argenprop,Chaco
180000,No disponible,"Libertador 1700, Piso 2",No disponible,No disponible,1 baño,No disponible,No disponible,argenprop,Chaco
280000,No disponible,Fortín Loma Negra 100,45  m² cubie.,1 dorm.,1 baño,No disponible,No disponible,argenprop,Chaco
700000,130000,"LA RIOJA 100, Piso 10",No disponible,3 dorm.,2 baños,No disponible,4 ambientes,argenprop,Chaco
260000,50000,"NECOCHEA 1200, Piso 3",35  m² cubie.,1 dorm.,No disponible,10 años,No disponible,argenprop,Chaco
150000,No disponible,Lisandro de la Torre 2500,No disponible,No disponible,No disponible,10 años,No disponible,argenprop,Chaco
450000,No disponible,"AV. BELGRANO 200, Piso 1",No disponible,2 dorm.,1 baño,40 años,No disponible,argenprop,Chaco
850000,150000,"Mendoza 400, Piso 9",110  m² cubie.,3 dorm.,No disponible,30 años,No disponible,argenprop,Chaco
270000,No disponible,Pasaje arturo lestani 1100,No disponible,No disponible,1 baño,No disponible,No disponible,argenprop,Chaco
350000,55000,Roldan  al 400,36  m² cubie.,1 dorm.,No disponible,6 años,No disponible,argenprop,Chaco
170000,No disponible,"Pasaje Caracas 100, Piso 1",No disponible,No disponible,No disponible,No disponible,No disponible,argenprop,Chaco
420000,No disponible,"DONOVAN 1200, Piso P.B.",70  m² cubie.,2 dorm.,1 baño,No disponible,No disponible,argenprop,Chaco
500000,No disponible,"JULIO A ROCA 700, Piso P.B.",55  m² cubie.,2 dorm.,2 baños,No disponible,No disponible,argenprop,Chaco
500000,No disponible,"JULIO A ROCA 700, Piso P.B.",55  m² cubie.,2 dorm.,2 baños,No disponible,No disponible,argenprop,Chaco
250000,No disponible,Obligado 500,No disponible,1 dorm.,1 baño,No disponible,2 ambientes,argenprop,Chaco
400000,60000,"ILLIA ARTURO 600, Piso 1",70  m² cubie.,2 dorm.,No disponible,35 años,No disponible,argenprop,Chaco
320000,5000,"JUSTO JUAN B. 1600, Piso 1",40  m² cubie.,1 dorm.,1 baño,No disponible,No disponible,argenprop,Chaco
250000,30000,"PADRE CERQUEIRA 600, Piso 1",40  m² cubie.,1 dorm.,1 baño,No disponible,No disponible,argenprop,Chaco
320000,50000,"FRANKLIN 700, Piso 1",30  m² cubie.,1 dorm.,No disponible,15 años,No disponible,argenprop,Chaco
450000,No disponible,"9 DE JULIO 1200, Piso 1",60  m² cubie.,2 dorm.,1 baño,No disponible,No disponible,argenprop,Chaco
320000,70000,"SAN LORENZO 1300, Piso 2",40  m² cubie.,1 dorm.,1 baño,No disponible,No disponible,argenprop,Chaco
450000,170000,"GARCIA MEROU 200, Piso 1",80  m² cubie.,3 dorm.,No disponible,No disponible,4 ambientes,argenprop,Chaco
450000,70000,"LOPEZ PIACENTINI 1100, Piso 1",55  m² cubie.,2 dorm.,1 baño,No disponible,No disponible,argenprop,Chaco
350000,30000,"LAS HERAS 300, Piso 2",40  m² cubie.,1 dorm.,1 baño,No disponible,No disponible,argenprop,Chaco
250000,No disponible,Jose Maria Paz 900,No disponible,1 dorm.,No disponible,No disponible,2 ambientes,argenprop,Chaco
450000,100000,Fray Capelli 100,45  m² cubie.,1 dorm.,1 baño,No disponible,No disponible,argenprop,Chaco
450000,100000,Fray Capelli 100,1  m² cubie.,1 dorm.,1 baño,No disponible,No disponible,argenprop,Chaco
350000,No disponible,Barrio Guiraldes,No disponible,2 dorm.,No disponible,No disponible,3 ambientes,argenprop,Chaco
450000,No disponible,José Mármol  al 600,35  m² cubie.,1 dorm.,No disponible,a estrenar,No disponible,argenprop,Chaco
150000,No disponible,Pasaje Juan B Justo 2300,No disponible,No disponible,1 baño,No disponible,No disponible,argenprop,Chaco
380000,No disponible,Fray Capelli 100,No disponible,1 dorm.,1 baño,No disponible,2 ambientes,argenprop,Chaco
580000,50000,"PUEYRREDON 400, Piso 3",70  m² cubie.,3 dorm.,2 baños,No disponible,No disponible,argenprop,Chaco
No disponible,No disponible,"ILLIA A. 600, Piso 2",60  m² cubie.,2 dorm.,1 baño,No disponible,No disponible,argenprop,Chaco
420000,30000,"AV. MORENO 200, Piso 1",45  m² cubie.,1 dorm.,1 baño,No disponible,No disponible,argenprop,Chaco
580000,160000,"Pueyrredón 400, Piso 2",60  m² cubie.,2 dorm.,1 baño,No disponible,No disponible,argenprop,Chaco
420000,40000,"PADRE CERQUEIRA 600, Piso P.B.",55  m² cubie.,2 dorm.,No disponible,No disponible,3 ambientes,argenprop,Chaco
250000,27000,"CERQUEIRA P. 600, Piso 1",38  m² cubie.,1 dorm.,1 baño,No disponible,No disponible,argenprop,Chaco
900000,580000,CALANDRIA 100,90  m² cubie.,3 dorm.,No disponible,a estrenar,No disponible,argenprop,Cordoba
500000,No disponible,San Lorenzo 200,No disponible,No disponible,No disponible,No disponible,No disponible,argenprop,Cordoba
380000,45000,OBISPO SALGUERO 100,No disponible,1 dorm.,1 baño,No disponible,2 ambientes,argenprop,Cordoba
300000,45000,Obispo Salguero 100,No disponible,No disponible,1 baño,No disponible,No disponible,argenprop,Cordoba
430000,85000,RONDEAU 300,No disponible,1 dorm.,1 baño,No disponible,2 ambientes,argenprop,Cordoba
450000,70000,"Domingo F Sarmiento 1300, Piso 2",No disponible,1 dorm.,No disponible,3 años,No disponible,argenprop,Cordoba
500000,100000,"Avenida Marcelo T. De Alvear 900, Piso PB",No disponible,1 dorm.,1 baño,No disponible,No disponible,argenprop,Cordoba
350000,No disponible,Fructuoso Rivera 1000,40  m² cubie.,1 dorm.,No disponible,No disponible,No disponible,argenprop,Cordoba
650000,No disponible,Buenos aires 500,No disponible,No disponible,No disponible,No disponible,No disponible,argenprop,Cordoba
400000,90000,"Bv Illia 500, Piso 1",40  m² cubie.,1 dorm.,No disponible,15 años,No disponible,argenprop,Cordoba
600000,88000,"Av Duarte Quiros 4300, Piso PB",90  m² cubie.,3 dorm.,No disponible,40 años,No disponible,argenprop,Cordoba
520000,78000,"General Paz 1900, Piso 2",No disponible,1 dorm.,1 baño,No disponible,No disponible,argenprop,Cordoba
750000,150000,"San Lorenzo 100, Piso 8",85  m² cubie.,2 dorm.,No disponible,15 años,No disponible,argenprop,Cordoba
300000,No disponible,"Avenida Leandro N. Alem 900, Piso PB",30  m² cubie.,No disponible,No disponible,No disponible,No disponible,argenprop,Cordoba
480000,40000,"SANTA ROSA 1300, Piso 1",60  m² cubie.,2 dorm.,No disponible,30 años,No disponible,argenprop,Cordoba
330000,55000,"Vieytes 200, Piso 1",45  m² cubie.,1 dorm.,No disponible,23 años,No disponible,argenprop,Cordoba
550000,160000,"Fructuoso Rivera 400, Piso 1",40  m² cubie.,1 dorm.,No disponible,8 años,No disponible,argenprop,Cordoba
550000,60000,"San Jeronimo 300, Piso 7",40  m² cubie.,2 dorm.,1 baño,No disponible,No disponible,argenprop,Cordoba
450000,50000,"Independencia 1400, Piso 2",48  m² cubie.,1 dorm.,No disponible,22 años,No disponible,argenprop,Cordoba
700000,No disponible,27 de Abril 900,80  m² cubie.,2 dorm.,No disponible,30 años,No disponible,argenprop,Cordoba
450000,No disponible,"San Jose De Calasanz 300, Piso 7",No disponible,No disponible,No disponible,No disponible,No disponible,argenprop,Cordoba
1000000,300000,NAPOLES 500,95  m² cubie.,2 dorm.,No disponible,1 año,No disponible,argenprop,Cordoba
500000,45000,Obispo Salguero 100,No disponible,2 dorm.,1 baño,No disponible,3 ambientes,argenprop,Cordoba
600000,50000,MARCELO T DE ALVEAR 900,No disponible,3 dorm.,2 baños,No disponible,4 ambientes,argenprop,Cordoba
530000,No disponible,"Coronel Juan P. Pringles 100, Piso 3",No disponible,No disponible,No disponible,No disponible,No disponible,argenprop,Cordoba
400000,70000,Tucumán 400,50  m² cubie.,1 dorm.,No disponible,9 años,No disponible,argenprop,Cordoba
550000,No disponible,"OB SALGUERO 600, Piso 6",55  m² cubie.,1 dorm.,No disponible,No disponible,No disponible,argenprop,Cordoba
310000,36000,"Paraguay 100, Piso 1",35  m² cubie.,1 dorm.,1 baño,No disponible,No disponible,argenprop,Cordoba
700000,120000,JERONIMO LUIS DE CABRERA 700,90  m² cubie.,2 dorm.,2 baños,No disponible,No disponible,argenprop,Cordoba
420000,124000,"24 de septiembre 1500, Piso 5",45  m² cubie.,1 dorm.,No disponible,10 años,No disponible,argenprop,Cordoba
450000,90000,"Lima 1900, Piso 5",50  m² cubie.,1 dorm.,No disponible,15 años,No disponible,argenprop,Cordoba
550000,No disponible,"Ituzaingo 400, Piso 3",No disponible,1 dorm.,1 baño,No disponible,2 ambientes,argenprop,Cordoba
430000,No disponible,"Belgrano 400, Piso 11",42  m² cubie.,1 dorm.,1 baño,No disponible,No disponible,argenprop,Cordoba
640000,110000,"M Fragueiro 300, Piso 8",55  m² cubie.,2 dorm.,No disponible,42 años,No disponible,argenprop,Cordoba
320000,60000,"Isabel La Católica 1000, Piso 4",45  m² cubie.,1 dorm.,No disponible,5 años,No disponible,argenprop,Cordoba
400000,No disponible,"ENFERMERA CLERMONT 300, Piso 3",No disponible,1 dorm.,1 baño,15 años,No disponible,argenprop,Cordoba
450000,110000,"Av Colon 5000, Piso 17",50  m² cubie.,1 dorm.,No disponible,5 años,No disponible,argenprop,Cordoba
600000,54000,"Parana 600, Piso 9",48  m² cubie.,2 dorm.,No disponible,21 años,No disponible,argenprop,Cordoba
600000,112000,"Bv San Juan 700, Piso 10",45  m² cubie.,1 dorm.,No disponible,25 años,No disponible,argenprop,Cordoba
550000,85000,"Independencia 300, Piso 7",45  m² cubie.,1 dorm.,No disponible,12 años,No disponible,argenprop,Cordoba
380000,No disponible,"Pedro Echagüe 3100, Piso PB",No disponible,2 dorm.,1 baño,No disponible,2 ambientes,argenprop,Cordoba
1300000,250000,"Colon 400, Piso 11",55  m² cubie.,2 dorm.,2 baños,No disponible,No disponible,argenprop,Cordoba
2000000,760000,"Obispo Salguero 800, Piso 8",280  m² cubie.,3 dorm.,No disponible,12 años,No disponible,argenprop,Cordoba
730000,No disponible,Bv. San Juan 200,80  m² cubie.,1 dorm.,1 baño,No disponible,No disponible,argenprop,Cordoba
1200000,No disponible,"San Lorenzo 500, Piso 1",No disponible,3 dorm.,3 baños,No disponible,5 ambientes,argenprop,Cordoba
800000,150000,"AV Colon 4800, Piso TORRE 3 PI",60  m² cubie.,2 dorm.,No disponible,8 años,No disponible,argenprop,Cordoba
650000,103000,"Bv Illia 300, Piso 2",43  m² cubie.,1 dorm.,No disponible,25 años,No disponible,argenprop,Cordoba
900000,280000,Chacabuco 100,130  m² cubie.,3 dorm.,3 baños,No disponible,No disponible,argenprop,Cordoba
410000,70780,Ituzaingó 400,40  m² cubie.,1 dorm.,1 baño,No disponible,No disponible,argenprop,Cordoba
480000,74000,"Bv. Illia 400, Piso 11",40  m² cubie.,1 dorm.,1 baño,No disponible,No disponible,argenprop,Cordoba
800000,No disponible,"Av. Pujol 1900, Piso 1",No disponible,3 dorm.,2 baños,No disponible,4 ambientes,argenprop,Corrientes
550000,No disponible,Av Torres De Vera Y Aragon 1300,50  m² cubie.,1 dorm.,1 baño,No disponible,No disponible,argenprop,Corrientes
400000,No disponible,Belgrano 2400,38  m² cubie.,1 dorm.,No disponible,6 años,No disponible,argenprop,Corrientes
250000,No disponible,UNNE 300,No disponible,No disponible,1 baño,No disponible,No disponible,argenprop,Corrientes
330000,No disponible,"Las Heras 1200, Piso 3",No disponible,1 dorm.,1 baño,No disponible,2 ambientes,argenprop,Corrientes
650000,50000,Bolívar 200,10  m² cubie.,3 dorm.,1 baño,No disponible,No disponible,argenprop,Corrientes
300000,No disponible,"Sourigues 100, Piso 1",35  m² cubie.,1 dorm.,1 baño,No disponible,No disponible,argenprop,Entre Rios
700000,120000,Cacique Mariano Rosas 100,"79,80  m² cubie.",2 dorm.,No disponible,25 años,No disponible,argenprop,La Pampa
650000,No disponible,Nicolás Avellaneda 400,63  m² cubie.,2 dorm.,1 baño,No disponible,No disponible,argenprop,Mendoza
1089000,No disponible,MARTINEZ DE ROSAS 45 100,90  m² cubie.,2 dorm.,No disponible,No disponible,5 ambientes,argenprop,Mendoza
850000,No disponible,F J Moyano 1400,No disponible,3 dorm.,2 baños,No disponible,No disponible,argenprop,Mendoza
560000,No disponible,9 De Julio,No disponible,No disponible,No disponible,No disponible,No disponible,argenprop,Mendoza
800000,No disponible,Montevideo 600,No disponible,3 dorm.,1 baño,No disponible,No disponible,argenprop,Mendoza
726000,No disponible,Boulogne Sur Mer 1300,No disponible,1 dorm.,1 baño,No disponible,No disponible,argenprop,Mendoza
300000,No disponible,General Paz 400,No disponible,1 dorm.,1 baño,No disponible,No disponible,argenprop,Mendoza
370000,No disponible,AVENIDA MITRE 2400,No disponible,3 dorm.,1 baño,No disponible,No disponible,argenprop,Mendoza
430000,15000,"Jose Federico Moreno 1100, Piso PB",80  m² cubie.,1 dorm.,No disponible,45 años,No disponible,argenprop,Mendoza
590000,39000,"OLASCOAGA , Piso PB",75  m² cubie.,2 dorm.,No disponible,20 años,No disponible,argenprop,Mendoza
350000,45000,Patricias Mendocinas Y PEDRO MOLINA,No disponible,1 dorm.,1 baño,No disponible,No disponible,argenprop,Mendoza
480000,60000,Coronel Moldes 800,45  m² cubie.,1 dorm.,No disponible,9 años,No disponible,argenprop,Mendoza
420000,50000,Avenida España 900,40  m² cubie.,1 dorm.,No disponible,45 años,No disponible,argenprop,Mendoza
750000,80000,J. Y M. Clark 300,70  m² cubie.,2 dorm.,No disponible,1 año,No disponible,argenprop,Mendoza
470000,45000,"9 de julio 300, Piso 2",79  m² cubie.,3 dorm.,1 baño,No disponible,No disponible,argenprop,Mendoza
430000,42000,TAPON MOYANO,79  m² cubie.,2 dorm.,No disponible,a estrenar,No disponible,argenprop,Mendoza
650000,45000,"9 DE JULIO  Y PEATONAL, CIUDAD",60  m² cubie.,2 dorm.,No disponible,15 años,No disponible,argenprop,Mendoza
1150000,No disponible,CALLE MOYANO,120  m² cubie.,3 dorm.,No disponible,a estrenar,No disponible,argenprop,Mendoza
800000,No disponible,Granaderos y Lamadrid,90  m² cubie.,2 dorm.,No disponible,20 años,No disponible,argenprop,Mendoza
350000,60000,BUENOS AIRES,45  m² cubie.,1 dorm.,No disponible,30 años,No disponible,argenprop,Mendoza
320000,9500,Joaquin V Gonzalez 100,26  m² cubie.,No disponible,No disponible,20 años,No disponible,argenprop,Mendoza
1452000,No disponible,MARIANO MORENO 555 TORRES LELOIR,75  m² cubie.,1 dorm.,No disponible,a estrenar,No disponible,argenprop,Mendoza
400000,20000,Dr Leloir 91,50  m² cubie.,1 dorm.,No disponible,6 años,No disponible,argenprop,Mendoza
500000,No disponible,Jujuy 1146 Cuarta Seccion Capital Mendoza,100  m² cubie.,2 dorm.,No disponible,30 años,No disponible,argenprop,Mendoza
1815000,180000,MARIANO MORENO,98  m² cubie.,2 dorm.,No disponible,a estrenar,No disponible,argenprop,Mendoza
600000,No disponible,LUGONES Y RODRIGUEZ,90  m² cubie.,3 dorm.,No disponible,20 años,No disponible,argenprop,Mendoza
450000,No disponible,"Cayetano Silva 2200, Piso 1",65  m² cubie.,2 dorm.,1 baño,No disponible,No disponible,argenprop,Mendoza
1100000,130000,"RUFINO ORTEGA , QUINTA SECCION",70  m² cubie.,2 dorm.,No disponible,1 año,No disponible,argenprop,Mendoza
480000,No disponible,LA RIOJA,45  m² cubie.,1 dorm.,No disponible,7 años,No disponible,argenprop,Mendoza
847000,No disponible,Avenida Colón 700,70  m² cubie.,2 dorm.,No disponible,25 años,No disponible,argenprop,Mendoza
1754500,50000,Avenida España 700,220  m² cubie.,3 dorm.,No disponible,45 años,No disponible,argenprop,Mendoza
1270000,No disponible,"Paso de los Andes 200, Piso 0",70  m² cubie.,2 dorm.,No disponible,2025 años,No disponible,argenprop,Mendoza
1089000,No disponible,"Necochea 473, Mendoza, 100",95  m² cubie.,3 dorm.,No disponible,8 años,No disponible,argenprop,Mendoza
565000,92000,Mitre 700,50  m² cubie.,1 dorm.,1 baño,No disponible,No disponible,argenprop,Mendoza
550000,No disponible,"PATRICIAS MENDOCINAS , Piso 2",120  m² cubie.,3 dorm.,No disponible,2025 años,No disponible,argenprop,Mendoza
800000,No disponible,"Av.Mitre 1700, Piso 0",127  m² cubie.,2 dorm.,No disponible,2025 años,No disponible,argenprop,Mendoza
968000,108000,AVENIDA MITRE 700,84  m² cubie.,2 dorm.,No disponible,21 años,No disponible,argenprop,Mendoza
420000,84200,San Juan 1200,80  m² cubie.,2 dorm.,1 baño,No disponible,No disponible,argenprop,Mendoza
250000,18000,Patricias Mendocinas 600,"19,10  m² cubie.",No disponible,1 baño,71 años,No disponible,argenprop,Mendoza
1573000,270000,Avenida Belgrano 900,"120,50  m² cubie.",2 dorm.,No disponible,15 años,No disponible,argenprop,Mendoza
430000,100000,Chacabuco 400,80  m² cubie.,3 dorm.,1 baño,No disponible,No disponible,argenprop,Mendoza
1028500,218000,BARRIO DALVIAN 100,60  m² cubie.,1 dorm.,No disponible,2 años,No disponible,argenprop,Mendoza
500000,65000,Avenida Juan B. Justo 300,82  m² cubie.,3 dorm.,No disponible,40 años,No disponible,argenprop,Mendoza
550000,35000,Infanta Mercedes de San Martín 100,"75,82  m² cubie.",2 dorm.,No disponible,47 años,No disponible,argenprop,Mendoza
800000,240000,Avenida Colón 400,80  m² cubie.,3 dorm.,No disponible,19 años,No disponible,argenprop,Mendoza
850000,60000,Gutiérrez 700,60  m² cubie.,2 dorm.,No disponible,30 años,No disponible,argenprop,Mendoza
680000,40000,Av Godoy Cruz  276,103  m² cubie.,3 dorm.,No disponible,30 años,No disponible,argenprop,Mendoza
600000,200000,Junín  20,No disponible,2 dorm.,2 baños,14 años,No disponible,argenprop,Mendoza
820000,160000,"Junin 50, B Bombal, Ciudad de Mendoza.",90  m² cubie.,2 dorm.,No disponible,14 años,No disponible,argenprop,Mendoza
950000,125000,Avenida Bartolomé Mitre 500,120  m² cubie.,3 dorm.,No disponible,30 años,No disponible,argenprop,Mendoza
700000,220000,"Junin 2000, Piso 9",93  m² cubie.,3 dorm.,2 baños,No disponible,No disponible,argenprop,Misiones
700000,No disponible,"FELIX DE AZARA 2000, Piso 6",63  m² cubie.,2 dorm.,2 baños,No disponible,No disponible,argenprop,Misiones
620000,No disponible,"Ramón Lista 1100, Piso 4",42  m² cubie.,1 dorm.,1 baño,No disponible,No disponible,argenprop,Misiones
400000,120000,"Alvear , Piso 6",42  m² cubie.,1 dorm.,No disponible,No disponible,2 ambientes,argenprop,Misiones
570000,No disponible,"Ramón Lista 1100, Piso 3",37  m² cubie.,1 dorm.,1 baño,No disponible,No disponible,argenprop,Misiones
250000,30000,"Rio Gallegos 1700, Piso 1",50  m² cubie.,2 dorm.,No disponible,15 años,No disponible,argenprop,Misiones
800000,No disponible,"Depto. de 2 dormitorios, con cochera Edificio Puerta de Alcalá 21D",97  m² cubie.,1 dorm.,No disponible,a estrenar,No disponible,argenprop,Misiones
680000,No disponible,"Departamento de 1 dormitorio amoblado, Posadas",No disponible,1 dorm.,1 baño,a estrenar,No disponible,argenprop,Misiones
350000,No disponible,Av. Uruguay y Av. Buchardo,60  m² cubie.,1 dorm.,No disponible,a estrenar,No disponible,argenprop,Misiones
1200000,No disponible,"Beato Roque González 800, Piso 9",105  m² cubie.,2 dorm.,3 baños,No disponible,No disponible,argenprop,Misiones
900000,No disponible,"Beato Roque González 800, Piso 12",65  m² cubie.,1 dorm.,1 baño,No disponible,No disponible,argenprop,Misiones
900000,No disponible,"López Torres 4800, Piso 12",144  m² cubie.,2 dorm.,No disponible,a estrenar,No disponible,argenprop,Misiones
2500000,No disponible,"Colon 1300, Piso 15",No disponible,5 dorm.,5 baños,10 años,No disponible,argenprop,Misiones
200000,No disponible,Av tacuari 7000,33  m² cubie.,1 dorm.,1 baño,No disponible,No disponible,argenprop,Misiones
350000,No disponible,Av. Lopez y Planes y Vivanco,60  m² cubie.,2 dorm.,No disponible,10 años,No disponible,argenprop,Misiones
350000,60000,Av. López y Planes y Jauretche,47  m² cubie.,1 dorm.,No disponible,a estrenar,No disponible,argenprop,Misiones
920000,No disponible,"Beato Roque González 800, Piso 13",65  m² cubie.,1 dorm.,1 baño,No disponible,No disponible,argenprop,Misiones
920000,No disponible,"Beato Roque González 800, Piso 14",65  m² cubie.,1 dorm.,1 baño,No disponible,No disponible,argenprop,Misiones
390000,No disponible,Av. Francisco de Haro y Ambrosetti,65  m² cubie.,1 dorm.,No disponible,a estrenar,No disponible,argenprop,Misiones
450000,No disponible,Avila al 4400,70  m² cubie.,2 dorm.,No disponible,a estrenar,No disponible,argenprop,Misiones
2500000,No disponible,"Colon 1300, Piso 15",No disponible,5 dorm.,5 baños,10 años,No disponible,argenprop,Misiones
700000,No disponible,"Beato Roque González 800, Piso 13",No disponible,1 dorm.,1 baño,No disponible,2 ambientes,argenprop,Misiones
1800000,300000,Departamento de 3 dormitorios amoblado,No disponible,3 dorm.,2 baños,a estrenar,No disponible,argenprop,Misiones
900000,No disponible,"Junin 1800, Piso 10",No disponible,2 dorm.,2 baños,No disponible,3 ambientes,argenprop,Misiones
1390000,No disponible,"Colón 1900, Piso 5",130  m² cubie.,3 dorm.,3 baños,No disponible,No disponible,argenprop,Misiones
1190000,No disponible,"San Martín 2100, Piso 14",No disponible,2 dorm.,3 baños,No disponible,3 ambientes,argenprop,Misiones
900000,80000,Av. Tambor de Tacuarí y Lavalle,70  m² cubie.,3 dorm.,No disponible,a estrenar,No disponible,argenprop,Misiones
500000,No disponible,"Roque Gonzalez 1000, Piso 1",40  m² cubie.,1 dorm.,1 baño,No disponible,No disponible,argenprop,Misiones
700000,No disponible,Edif. Alba I,95  m² cubie.,2 dorm.,No disponible,a estrenar,No disponible,argenprop,Misiones
590000,No disponible,"Ramón Lista 1100, Piso 2",42  m² cubie.,1 dorm.,1 baño,No disponible,No disponible,argenprop,Misiones
497000,No disponible,"Ramón Lista 1100, Piso 3",29  m² cubie.,1 dorm.,1 baño,No disponible,No disponible,argenprop,Misiones
473000,No disponible,"Ramón Lista 1100, Piso 3",27  m² cubie.,1 dorm.,1 baño,No disponible,No disponible,argenprop,Misiones
605000,No disponible,"Ramón Lista 1100, Piso 3",42  m² cubie.,1 dorm.,1 baño,No disponible,No disponible,argenprop,Misiones
500000,No disponible,"Bustamante 3000, Piso 1",60  m² cubie.,2 dorm.,No disponible,5 años,No disponible,argenprop,Misiones
350000,No disponible,San Marcos y Francia,30  m² cubie.,No disponible,1 baño,a estrenar,No disponible,argenprop,Misiones
2400000,No disponible,Colón 1300,300  m² cubie.,5 dorm.,5 baños,No disponible,No disponible,argenprop,Misiones
250000,No disponible,Calle 168,50  m² cubie.,1 dorm.,1 baño,No disponible,No disponible,argenprop,Misiones
750000,No disponible,López Torrez 4800,163  m² cubie.,2 dorm.,No disponible,a estrenar,No disponible,argenprop,Misiones
1190000,No disponible,San Martín 2100,101  m² cubie.,2 dorm.,3 baños,No disponible,No disponible,argenprop,Misiones
900000,No disponible,Junín 1800,67  m² cubie.,2 dorm.,2 baños,No disponible,No disponible,argenprop,Misiones
850000,No disponible,Beato Roque González 800,65  m² cubie.,1 dorm.,1 baño,No disponible,No disponible,argenprop,Misiones
1100000,No disponible,Beato Roque González 800,105  m² cubie.,2 dorm.,3 baños,No disponible,No disponible,argenprop,Misiones
800000,No disponible,Ayacucho 1300,67  m² cubie.,1 dorm.,1 baño,No disponible,No disponible,argenprop,Misiones
1150000,60000,"Carlos Hilario Rodriguez 600, Piso 2",No disponible,2 dorm.,1 baño,30 años,No disponible,argenprop,Neuquen
2200000,No disponible,TARIFEÑO INMOBILIARIA ALQUILA,No disponible,2 dorm.,3 baños,No disponible,No disponible,argenprop,Neuquen
1000000,No disponible,Departamento en alquiler Torre Vitruvio.,No disponible,1 dorm.,2 baños,No disponible,2 ambientes,argenprop,Neuquen
880000,69000,"Belgrano 100, Piso 4",40  m² cubie.,1 dorm.,No disponible,15 años,No disponible,argenprop,Neuquen
1800000,No disponible,"Avenida Argentina y República de Italia , Piso 1",80  m² cubie.,3 dorm.,2 baños,No disponible,No disponible,argenprop,Neuquen
1500000,No disponible,B° URB. BOSCH,107  m² cubie.,2 dorm.,2 baños,No disponible,No disponible,argenprop,Neuquen
1300000,No disponible,"Presidente arturo illia 400, Piso 2",No disponible,2 dorm.,1 baño,No disponible,No disponible,argenprop,Neuquen
No disponible,No disponible,DEPARTAMENTO 2 DORM EN ALQUILER - TORRE VITRUVIO,No disponible,2 dorm.,No disponible,a estrenar,3 ambientes,argenprop,Neuquen
No disponible,No disponible,Inhalantu 100,100  m² cubie.,2 dorm.,No disponible,5 años,No disponible,argenprop,Neuquen
1800000,No disponible,Sargento Cabral y La Rioja,88  m² cubie.,2 dorm.,No disponible,15 años,No disponible,argenprop,Neuquen
780000,No disponible,Belgrano 200,32  m² cubie.,No disponible,1 baño,No disponible,No disponible,argenprop,Neuquen
1400000,No disponible,"Tucumán 100, Piso 9",No disponible,2 dorm.,1 baño,No disponible,No disponible,argenprop,Neuquen
1700000,No disponible,"Av. San Juan 800, Piso 4",70  m² cubie.,2 dorm.,No disponible,a estrenar,No disponible,argenprop,Neuquen
750000,No disponible,Santa Fe Sur 100,37  m² cubie.,1 dorm.,No disponible,40 años,No disponible,argenprop,Neuquen
780000,No disponible,Antártida Argentina 600,33  m² cubie.,No disponible,1 baño,15 años,No disponible,argenprop,Neuquen
900000,90000,Alquiler Departamento Calle Mitre 900,No disponible,1 dorm.,No disponible,No disponible,2 ambientes,argenprop,Neuquen
4477000,380000,"INAL ANTU 1000, Piso 4",140  m² cubie.,2 dorm.,No disponible,12 años,No disponible,argenprop,Neuquen
1700000,No disponible,Carlos H.Rodriguez 300,48  m² cubie.,2 dorm.,2 baños,No disponible,No disponible,argenprop,Neuquen
1600000,No disponible,General Manuel Belgrano 600,50  m² cubie.,2 dorm.,No disponible,No disponible,3 ambientes,argenprop,Neuquen
1700000,No disponible,Carlos H Rodriguez 300,No disponible,2 dorm.,2 baños,No disponible,3 ambientes,argenprop,Neuquen
1700000,No disponible,Carlos Hilario Rodriguez 300,48  m² cubie.,2 dorm.,1 baño,No disponible,No disponible,argenprop,Neuquen
2800000,No disponible,Carlos Hilario Rodriguez 300,No disponible,3 dorm.,No disponible,No disponible,No disponible,argenprop,Neuquen
1300000,No disponible,"Depto en alquiler, Cordoba y Alderete",55  m² cubie.,1 dorm.,No disponible,5 años,No disponible,argenprop,Neuquen
1300000,42000,"Depto 1 dor, Edificio Vitruvio Neuquen",65  m² cubie.,1 dorm.,No disponible,a estrenar,No disponible,argenprop,Neuquen
3200000,400000,Mendoza al 100,122  m² cubie.,3 dorm.,No disponible,25 años,No disponible,argenprop,Neuquen
1100000,No disponible,Dewey  al 200,30  m² cubie.,No disponible,1 baño,a estrenar,No disponible,argenprop,Neuquen
2000000,150000,"Belgrano 100, Piso 1",100  m² cubie.,3 dorm.,3 baños,No disponible,No disponible,argenprop,Neuquen
1500000,No disponible,FAVA 65,58  m² cubie.,1 dorm.,No disponible,a estrenar,No disponible,argenprop,Neuquen
1500000,120000,Avenida San Juan  al 600,70  m² cubie.,2 dorm.,No disponible,7 años,No disponible,argenprop,Neuquen
850000,92000,Mitre  al 900,47  m² cubie.,1 dorm.,No disponible,a estrenar,No disponible,argenprop,Neuquen
1300000,No disponible,Fava 65,47  m² cubie.,1 dorm.,No disponible,a estrenar,No disponible,argenprop,Neuquen
1500000,No disponible,FAVA 65,58  m² cubie.,1 dorm.,No disponible,a estrenar,No disponible,argenprop,Neuquen
850000,20000,"Alcorta 100, Piso 1",40  m² cubie.,1 dorm.,1 baño,No disponible,No disponible,argenprop,Neuquen
600000,No disponible,Departamento monoambiente en alquiler,36  m² cubie.,No disponible,1 baño,8 años,No disponible,argenprop,Neuquen
750000,50000,Alberdi e Illia,28  m² cubie.,No disponible,1 baño,3 años,No disponible,argenprop,Neuquen
No disponible,No disponible,Aaaa,No disponible,1 dorm.,No disponible,No disponible,2 ambientes,argenprop,Neuquen
1815000,No disponible,Mendoza 400,53  m² cubie.,1 dorm.,No disponible,6 años,No disponible,argenprop,Neuquen
1700000,No disponible,Carlos H. Rodriguez 400,78  m² cubie.,2 dorm.,No disponible,7 años,No disponible,argenprop,Neuquen
3600000,230000,Belgrano 200,"99,79  m² cubie.",3 dorm.,No disponible,10 años,No disponible,argenprop,Neuquen
1900000,70000,Teniente Ibañez 100,"57,60  m² cubie.",1 dorm.,No disponible,5 años,No disponible,argenprop,Neuquen
100000,No disponible,Mendoza 400,53  m² cubie.,1 dorm.,No disponible,6 años,No disponible,argenprop,Neuquen
950000,120000,Carlos H. Rodríguez 500,"40,71  m² cubie.",1 dorm.,No disponible,a estrenar,No disponible,argenprop,Neuquen
950000,130000,Obrero Argentino 100,"44,28  m² cubie.",1 dorm.,No disponible,6 años,No disponible,argenprop,Neuquen
1600000,No disponible,Carlos H Rodriguez 500,60  m² cubie.,2 dorm.,No disponible,6 años,No disponible,argenprop,Neuquen
850000,25000,Sargento Cabral 2100,65  m² cubie.,1 dorm.,No disponible,23 años,No disponible,argenprop,Neuquen
1000000,108000,General Manuel Belgrano 200,50  m² cubie.,1 dorm.,No disponible,15 años,No disponible,argenprop,Neuquen
780000,No disponible,Belgrano 200,34  m² cubie.,No disponible,No disponible,4 años,No disponible,argenprop,Neuquen
2000000,180000,Dr. Ramon y Avenida Argentina 100,"58,27  m² cubie.",1 dorm.,No disponible,5 años,No disponible,argenprop,Neuquen
2200000,230000,Brown Almirante 100,134  m² cubie.,4 dorm.,No disponible,26 años,No disponible,argenprop,Neuquen
1500000,160000,Sargento Cabral 300,59  m² cubie.,1 dorm.,No disponible,a estrenar,No disponible,argenprop,Neuquen
480000,No disponible,Exc depto 1 dor alq bcon/asador/gge/SUM Dean Funes 1200,52  m² cubie.,1 dorm.,1 baño,No disponible,No disponible,argenprop,Salta
520000,No disponible,Exc Depto 1 Dor Alq Gge/Pil/bcon/sum 20 De Febrero 1400,52  m² cubie.,1 dorm.,No disponible,2 años,No disponible,argenprop,Salta
550000,80000,"Alsina 300, Piso 3",32  m² cubie.,No disponible,1 baño,5 años,No disponible,argenprop,Salta
550000,No disponible,"Av Belgrano 1500, Piso 1",39  m² cubie.,1 dorm.,1 baño,No disponible,No disponible,argenprop,Salta
No disponible,No disponible,"Las Heras 1300, Piso 4",57  m² cubie.,1 dorm.,No disponible,No disponible,No disponible,argenprop,Salta
1210000,No disponible,"Deán Funes 500, Piso 3",No disponible,2 dorm.,2 baños,No disponible,No disponible,argenprop,Salta
600000,70000,"Caseros 1300, Piso 2",52  m² cubie.,1 dorm.,No disponible,10 años,No disponible,argenprop,Salta
847000,No disponible,Alvarado 1800,79  m² cubie.,2 dorm.,No disponible,5 años,No disponible,argenprop,Salta
726000,70000,"Dean Funes 300, Piso 3",No disponible,1 dorm.,1 baño,No disponible,2 ambientes,argenprop,Salta
No disponible,No disponible,"Vicente López 300, Piso 2",No disponible,2 dorm.,No disponible,No disponible,No disponible,argenprop,Salta
800000,No disponible,Exc Depto 2 Dor Alq terraza/asador Alvarado al 300,55  m² cubie.,2 dorm.,No disponible,25 años,No disponible,argenprop,Salta
500000,No disponible,Exc Depto 1 Dor Alquiler x 2 años Alte Brown 200,44  m² cubie.,1 dorm.,No disponible,5 años,No disponible,argenprop,Salta
600000,No disponible,Exc Depto 1 Dor Alq Amob Gge/sum/pileta 12 Octubre 700,45  m² cubie.,1 dorm.,No disponible,2 años,No disponible,argenprop,Salta
510000,75000,"Balcarce 700, Piso 3",40  m² cubie.,1 dorm.,No disponible,a estrenar,No disponible,argenprop,Salta
400000,45000,Exc Depto Monoambiente Alq luminoso Ameghino al 200,38  m² cubie.,No disponible,1 baño,10 años,No disponible,argenprop,Salta
No disponible,No disponible,"Caseros 200, Piso 3",No disponible,1 dorm.,No disponible,No disponible,No disponible,argenprop,Salta
350000,No disponible,GRAND BOURG,No disponible,1 dorm.,No disponible,No disponible,No disponible,argenprop,Salta
800000,16000,Exc Depto 3 Dorm Bcon Alq Amoblado B° General,90  m² cubie.,3 dorm.,No disponible,40 años,No disponible,argenprop,Salta
350000,24000,Av. Asunción 100,30  m² cubie.,1 dorm.,No disponible,1 año,No disponible,argenprop,Salta
600000,70000,"Aniceto Latorre 800, Piso 1",90  m² cubie.,3 dorm.,1 baño,No disponible,No disponible,argenprop,Salta
No disponible,No disponible,ESTECO 200,No disponible,2 dorm.,No disponible,No disponible,No disponible,argenprop,Salta
605000,No disponible,BUENOS AIRES 100,50  m² cubie.,1 dorm.,No disponible,15 años,No disponible,argenprop,Salta
500000,No disponible,San Lorenzo Chico,No disponible,No disponible,No disponible,No disponible,No disponible,argenprop,Salta
400000,34100,"Arenales 700, Piso 8 803",33  m² cubie.,No disponible,1 baño,No disponible,No disponible,argenprop,Salta
600000,4000,"Parque Belgrano 100, Piso 2 6",No disponible,3 dorm.,1 baño,No disponible,2 ambientes,argenprop,Salta
500000,No disponible,"Dean Funes 1000, Piso 8 810",45  m² cubie.,No disponible,1 baño,a estrenar,No disponible,argenprop,Salta
750200,75000,Exc. Depto 1 Dorm Alq Balcón/gge Dean Funes 1300,56  m² cubie.,1 dorm.,No disponible,10 años,No disponible,argenprop,Salta
800000,No disponible,Av. Belgrano 2000,97  m² cubie.,3 dorm.,No disponible,25 años,No disponible,argenprop,Salta
360000,55000,"Alsina 300, Piso 4",30  m² cubie.,No disponible,1 baño,4 años,No disponible,argenprop,Salta
580000,75000,Av Belgrano 1500,39  m² cubie.,1 dorm.,No disponible,7 años,No disponible,argenprop,Salta
850000,130000,Av. Belgrano,No disponible,2 dorm.,2 baños,No disponible,3 ambientes,argenprop,Salta
700000,85000,"Av Belgrano 2300, Piso 1",73  m² cubie.,1 dorm.,No disponible,8 años,No disponible,argenprop,Salta
450000,45000,Alquiler Monoambiente amoblado calle Juramento,32  m² cubie.,No disponible,1 baño,16 años,No disponible,argenprop,Salta
580000,75000,Av Belgrano 1500,39  m² cubie.,1 dorm.,No disponible,7 años,No disponible,argenprop,Salta
No disponible,No disponible,LOS EUCALIPTUS 600,64  m² cubie.,3 dorm.,1 baño,No disponible,No disponible,argenprop,Salta
750000,90000,Necochea 300,67  m² cubie.,2 dorm.,No disponible,4 años,No disponible,argenprop,Salta
480000,55000,Av. Reyes Catolicos 1500,45  m² cubie.,1 dorm.,No disponible,6 años,No disponible,argenprop,Salta
420000,No disponible,Alquiler departamento Barrio El Bosque zona sur,64  m² cubie.,3 dorm.,No disponible,20 años,No disponible,argenprop,Salta
1210000,No disponible,Departamento amoblado en alquiler calle Necochea,78  m² cubie.,2 dorm.,2 baños,No disponible,No disponible,argenprop,Salta
650000,No disponible,Monoambiente en alquiler San Lorenzo Chico,35  m² cubie.,No disponible,1 baño,No disponible,No disponible,argenprop,Salta
660000,85000,"Amoblado Av Belgrano Al 2300 Dpto 1 Dor , Piso 2",57  m² cubie.,1 dorm.,No disponible,10 años,No disponible,argenprop,Salta
3025000,No disponible,Dean Funes al 800,No disponible,2 dorm.,2 baños,a estrenar,No disponible,argenprop,Salta
500000,No disponible,Monoambiente a estrenar en alquiler,No disponible,No disponible,1 baño,a estrenar,No disponible,argenprop,Salta
650000,No disponible,Departamento en alquiler Dean Funes 847,47  m² cubie.,1 dorm.,1 baño,No disponible,No disponible,argenprop,Salta
600000,No disponible,Departamento un dormitorio en alquiler Pueyrredon,65  m² cubie.,1 dorm.,1 baño,No disponible,No disponible,argenprop,Salta
700000,No disponible,Departamento tres dormitorios en alquiler,No disponible,3 dorm.,1 baño,No disponible,4 ambientes,argenprop,Salta
650000,No disponible,Departamento amoblado en alquiler,53  m² cubie.,1 dorm.,1 baño,No disponible,No disponible,argenprop,Salta
1331000,100000,"20 De Febrero 1100, Piso 5",No disponible,2 dorm.,1 baño,No disponible,3 ambientes,argenprop,Salta
600000,206000,Gral. Güemes 1800,70  m² cubie.,1 dorm.,No disponible,15 años,No disponible,argenprop,Salta
650000,No disponible,Tres Cerritos - Júncaros 350,No disponible,3 dorm.,No disponible,No disponible,No disponible,argenprop,Salta
400000,No disponible,"LAPRIDA, FRANCISCO N. OESTE 1300",10  m² cubie.,2 dorm.,1 baño,No disponible,No disponible,argenprop,San Juan
330000,No disponible,"Caseos 600, Piso 2",10  m² cubie.,1 dorm.,1 baño,No disponible,No disponible,argenprop,San Juan
650000,No disponible,"Av libertador 2000, Piso 2",10  m² cubie.,2 dorm.,No disponible,No disponible,3 ambientes,argenprop,San Juan
450000,No disponible,"DE LA ROZA, JOSE IGNACIO ESTE 100",41  m² cubie.,1 dorm.,No disponible,No disponible,2 ambientes,argenprop,San Juan
280000,75000,"Las heras 100, Piso 1",24  m² cubie.,No disponible,1 baño,No disponible,No disponible,argenprop,San Juan
300000,No disponible,General Acha Sur 800,30  m² cubie.,No disponible,No disponible,No disponible,No disponible,argenprop,San Juan
1200000,No disponible,Libertador oeste 600,119  m² cubie.,3 dorm.,No disponible,No disponible,4 ambientes,argenprop,San Juan
750000,No disponible,Santa Fe Oeste 100,90  m² cubie.,2 dorm.,No disponible,No disponible,3 ambientes,argenprop,San Juan
290000,No disponible,Tomas Jofre este 400,No disponible,No disponible,1 baño,3 años,No disponible,argenprop,San Luis
280000,No disponible,Constitucion 1100,No disponible,1 dorm.,1 baño,No disponible,No disponible,argenprop,San Luis
410000,No disponible,Ministro Berrondo 100,No disponible,2 dorm.,1 baño,No disponible,3 ambientes,argenprop,San Luis
400000,No disponible,Pasaje remedios de escalada de san martin 1400,No disponible,2 dorm.,1 baño,No disponible,3 ambientes,argenprop,San Luis
620000,No disponible,Cnel J Pringles 1300,No disponible,2 dorm.,2 baños,No disponible,3 ambientes,argenprop,San Luis
480000,No disponible,25 De Mayo 200,No disponible,2 dorm.,1 baño,No disponible,3 ambientes,argenprop,San Luis
850000,160000,Av. Almirante Brown  al 6700,79  m² cubie.,2 dorm.,No disponible,52 años,No disponible,argenprop,Santa fe
659750,50000,"Planta Baja, entrada indep, cocina equipada, dos dormitorios con placard, antebaño baño y patiecito",51  m² cubie.,2 dorm.,No disponible,11 años,No disponible,argenprop,Santa fe
761250,73208,"ENTRADA INDEPENDIENTE, JARDÍN EN ESQUINA, ESTAR COMEDOR, COCINA, DOS DORMITORIOS, EQUIPADO",56  m² cubie.,2 dorm.,No disponible,11 años,No disponible,argenprop,Santa fe
761250,80000,"Semipiso estar comedor con balcon, cocina, escritorio, 2 baños, 2 dorm con placard, balcon lavadero",68  m² cubie.,2 dorm.,No disponible,5 años,No disponible,argenprop,Santa fe
517650,62397,"PARA ESTUDIAR O TRABAJAR, LUMINOSO, AMPLIO, CON BALCONES, EQUIPADO, A PASOS DE LA COSTANERA",53  m² cubie.,1 dorm.,No disponible,11 años,No disponible,argenprop,Santa fe
406000,27369,"LUMINOSO CON BALCON AL FRENTE, PLACARD Y COCINA A ESTRENAR",38  m² cubie.,1 dorm.,No disponible,a estrenar,No disponible,argenprop,Santa fe
406000,25369,"SUPER LUMINOSO BALCON AL FRENTE, PLACARD Y COCINA A ESTRENAR",40  m² cubie.,1 dorm.,No disponible,a estrenar,No disponible,argenprop,Santa fe
406000,27906,AMPLIO CON BALCON COCINA LAVADERO SECTORIZADA A ESTRENAR,40  m² cubie.,1 dorm.,No disponible,a estrenar,No disponible,argenprop,Santa fe
558250,45636,"SEMIPISO DE UN DORMITORIO, COCINA SECTORIAZADA, ESCRITORIO, UN BAÑO Y DOS BALCONES, COCHERA OPCIONAL",43  m² cubie.,1 dorm.,No disponible,a estrenar,No disponible,argenprop,Santa fe
609000,43433,"Muy luminoso, en esquina con tres balcones equipado con cocina y calefactor",51  m² cubie.,2 dorm.,No disponible,18 años,No disponible,argenprop,Santa fe
650000,100000,"SAN MARTIN 2000, Piso 6",80  m² cubie.,3 dorm.,2 baños,No disponible,No disponible,argenprop,Santa fe
714000,100000,Alquiler Dpto 3 dormis en Peatonal!,No disponible,3 dorm.,1 baño,a estrenar,No disponible,argenprop,Santa fe
399000,No disponible,Alquiler interno San Jerónimo 3900,No disponible,1 dorm.,1 baño,a estrenar,No disponible,argenprop,Santa fe
850000,70000,"BELGRANO 3100, Piso 3",No disponible,3 dorm.,No disponible,No disponible,4 ambientes,argenprop,Santa fe
400000,No disponible,Sarmiento 6400,40  m² cubie.,1 dorm.,No disponible,3 años,No disponible,argenprop,Santa fe
400000,122000,"AV J.J. PASO 2900, Piso 8",No disponible,3 dorm.,1 baño,No disponible,4 ambientes,argenprop,Santa fe
700000,No disponible,"SAN LORENZO 2200, Piso PA",No disponible,2 dorm.,No disponible,No disponible,3 ambientes,argenprop,Santa fe
600000,150000,San Martin  al 1800,70  m² cubie.,2 dorm.,No disponible,40 años,No disponible,argenprop,Santa fe
230000,No disponible,PJE ALBERTI al 500,No disponible,No disponible,1 baño,50 años,No disponible,argenprop,Santa fe
600000,No disponible,"Urquiza 2300, Piso 1",No disponible,2 dorm.,1 baño,2025 años,No disponible,argenprop,Santa fe
550000,136000,Saavedra  al 2300,No disponible,2 dorm.,1 baño,30 años,No disponible,argenprop,Santa fe
350000,No disponible,SAN MARTIN al 1800,No disponible,1 dorm.,1 baño,30 años,No disponible,argenprop,Santa fe
570000,No disponible,"Las Heras 4900, Piso 2",65  m² cubie.,2 dorm.,No disponible,2025 años,No disponible,argenprop,Santa fe
600000,30000,San Jeronimo al 4300,80  m² cubie.,3 dorm.,No disponible,35 años,No disponible,argenprop,Santa fe
1200000,140000,"SAN GERONIMO 1200, Piso 7",No disponible,3 dorm.,3 baños,No disponible,4 ambientes,argenprop,Santa fe
450000,45000,"4 DE ENERO 2800, Piso 2",No disponible,1 dorm.,1 baño,No disponible,2 ambientes,argenprop,Santa fe
850000,195000,"1 DE MAYO 2500, Piso 4",120  m² cubie.,3 dorm.,2 baños,No disponible,No disponible,argenprop,Santa fe
600000,No disponible,"1 DE MAYO 1600, Piso 1",No disponible,2 dorm.,2 baños,No disponible,3 ambientes,argenprop,Santa fe
230000,No disponible,Pje. Alberti 570 P1 - D4,30  m² cubie.,No disponible,1 baño,40 años,No disponible,argenprop,Santa fe
530000,70000,San Jeronimo al 2000,No disponible,2 dorm.,1 baño,50 años,No disponible,argenprop,Santa fe
320000,25000,San Jose al 2200,No disponible,1 dorm.,1 baño,30 años,No disponible,argenprop,Santa fe
530000,62000,San Jeronimo al 3900,65  m² cubie.,2 dorm.,No disponible,25 años,No disponible,argenprop,Santa fe
480000,55000,"9 DE JULIO 3400, Piso 8",No disponible,1 dorm.,No disponible,No disponible,2 ambientes,argenprop,Santa fe
550000,No disponible,"BV. PELLEGRINI 3100, Piso 8",No disponible,1 dorm.,No disponible,No disponible,2 ambientes,argenprop,Santa fe
550000,No disponible,"BV. PELLEGRINI 3100, Piso 7",No disponible,1 dorm.,No disponible,No disponible,2 ambientes,argenprop,Santa fe
450000,38000,Francia  al 2600,No disponible,1 dorm.,1 baño,20 años,No disponible,argenprop,Santa fe
380000,37000,"Iturraspe 2100, Piso 1",50  m² cubie.,1 dorm.,No disponible,2005 años,No disponible,argenprop,Santa fe
350000,15000,"Obispo Principe 900, Piso 0",42  m² cubie.,1 dorm.,No disponible,2010 años,No disponible,argenprop,Santa fe
620000,40000,Saavedra 3900,65  m² cubie.,2 dorm.,No disponible,20 años,No disponible,argenprop,Santa fe
550000,60000,Antonia Godoy 6800,55  m² cubie.,1 dorm.,No disponible,6 años,No disponible,argenprop,Santa fe
450000,37000,1ro de Mayo al 1800,80  m² cubie.,2 dorm.,No disponible,50 años,No disponible,argenprop,Santa fe
No disponible,No disponible,Avenida General Paz 7700,55  m² cubie.,2 dorm.,No disponible,1 año,No disponible,argenprop,Santa fe
650000,77000,Alte Brown  al 5700,No disponible,2 dorm.,1 baño,50 años,No disponible,argenprop,Santa fe
450000,25000,Irigoyen Freyre 2641 2600,40  m² cubie.,2 dorm.,No disponible,38 años,No disponible,argenprop,Santa fe
650000,110000,"1º DE MAYO 1900, Piso 11",No disponible,2 dorm.,No disponible,No disponible,3 ambientes,argenprop,Santa fe
660000,No disponible,Moreno al 2800,No disponible,2 dorm.,1 baño,50 años,No disponible,argenprop,Santa fe
600000,100000,San Lorenzo al 2700,No disponible,2 dorm.,1 baño,20 años,No disponible,argenprop,Santa fe
270000,No disponible,Ricardo Aldao 1400,25  m² cubie.,1 dorm.,No disponible,18 años,No disponible,argenprop,Santa fe
300000,4000,10 de Junio 400,47  m² cubie.,2 dorm.,No disponible,44 años,No disponible,argenprop,Santa fe
440000,50000,San Martín 2200,45  m² cubie.,1 dorm.,No disponible,30 años,No disponible,argenprop,Santa fe
550000,No disponible,Calle Teodoro Mendoza 4000,No disponible,1 dorm.,1 baño,9 años,No disponible,argenprop,Tierra del fuego
650000,No disponible,"Avenida Leandro Alem 4400, Piso 1",37  m² cubie.,1 dorm.,No disponible,6 años,No disponible,argenprop,Tierra del fuego
380000,No disponible,Soberania Nacional 2600,36  m² cubie.,1 dorm.,1 baño,No disponible,No disponible,argenprop,Tierra del fuego
750000,120000,17 De Octubre 300,69  m² cubie.,2 dorm.,No disponible,5 años,No disponible,argenprop,Tierra del fuego
650000,No disponible,De la rastra 2000,35  m² cubie.,1 dorm.,No disponible,a estrenar,No disponible,argenprop,Tierra del fuego
790000,20000,Ramón Cortez 500,70  m² cubie.,2 dorm.,1 baño,No disponible,No disponible,argenprop,Tierra del fuego
650000,No disponible,Avenida Leandro Alem 4400,40  m² cubie.,1 dorm.,No disponible,6 años,No disponible,argenprop,Tierra del fuego
1825000,No disponible,"Presidente Bernardino Rivadavia 100, Piso 2",90  m² cubie.,2 dorm.,No disponible,14 años,No disponible,argenprop,Tierra del fuego
890000,No disponible,"Walanika 300, Piso 3",45  m² cubie.,1 dorm.,No disponible,10 años,No disponible,argenprop,Tierra del fuego
900000,No disponible,"Isla Año Nuevo 100, Piso PB",70  m² cubie.,3 dorm.,1 baño,No disponible,No disponible,argenprop,Tierra del fuego
850000,No disponible,"Walanika 300, Piso 3",45  m² cubie.,1 dorm.,No disponible,6 años,No disponible,argenprop,Tierra del fuego
680000,No disponible,"Walanika 300, Piso 3",40  m² cubie.,1 dorm.,No disponible,8 años,No disponible,argenprop,Tierra del fuego
550000,80000,Lirio de los valles 1600,25  m² cubie.,1 dorm.,No disponible,5 años,No disponible,argenprop,Tierra del fuego
600000,No disponible,Raúl Muriel 1300,"29,65  m² cubie.",No disponible,1 baño,15 años,No disponible,argenprop,Tierra del fuego
750000,No disponible,Gobernador Campos 1300,35  m² cubie.,1 dorm.,No disponible,3 años,No disponible,argenprop,Tierra del fuego
750000,No disponible,12 de Octubre 300,31  m² cubie.,1 dorm.,No disponible,4 años,No disponible,argenprop,Tierra del fuego
1250000,No disponible,INDEPENDENCIA 213,54  m² cubie.,2 dorm.,No disponible,6 años,No disponible,argenprop,Tierra del fuego
750000,No disponible,9 de julio N°229,55  m² cubie.,No disponible,1 baño,4 años,No disponible,argenprop,Tierra del fuego
850000,No disponible,Olegario Andrade 500,36  m² cubie.,1 dorm.,No disponible,5 años,No disponible,argenprop,Tierra del fuego
650000,145000,Los Ñires 3900,"25,06  m² cubie.",1 dorm.,No disponible,a estrenar,No disponible,argenprop,Tierra del fuego
700000,50000,Alem 4600,40  m² cubie.,1 dorm.,No disponible,10 años,No disponible,argenprop,Tierra del fuego
700000,50000,Alem 4600,40  m² cubie.,1 dorm.,No disponible,10 años,No disponible,argenprop,Tierra del fuego
950000,50000,Gobernador Ernesto Manuel Campos 1500,"52,08  m² cubie.",1 dorm.,No disponible,1 año,No disponible,argenprop,Tierra del fuego
1500000,200000,"BALCARCE 800, Piso 3",135  m² cubie.,3 dorm.,No disponible,35 años,No disponible,argenprop,Tucuman
650000,No disponible,"9 DE JULIO 700, Piso 5",80  m² cubie.,2 dorm.,No disponible,15 años,No disponible,argenprop,Tucuman
380000,No disponible,Av. Alem 100,38  m² cubie.,1 dorm.,No disponible,7 años,No disponible,argenprop,Tucuman
180000,No disponible,"Av. Roca 1800, Piso PB",14  m² cubie.,No disponible,1 baño,a estrenar,No disponible,argenprop,Tucuman
390000,90000,Monteagudo 400,55  m² cubie.,1 dorm.,No disponible,No disponible,2 ambientes,argenprop,Tucuman
680000,125000,Muñecas 400,80  m² cubie.,2 dorm.,No disponible,No disponible,3 ambientes,argenprop,Tucuman
500000,75000,"PASAJE TAGLE 3900, Piso 1",80  m² cubie.,2 dorm.,2 baños,No disponible,No disponible,argenprop,Tucuman
380000,79000,CRISOSTOMO ALVAREZ 500,65  m² cubie.,1 dorm.,No disponible,No disponible,2 ambientes,argenprop,Tucuman
180000,No disponible,"Av. Roca 1800, Piso 1",17  m² cubie.,No disponible,1 baño,3 años,No disponible,argenprop,Tucuman
260000,180000,"Catamarca 100, Piso 2",38  m² cubie.,1 dorm.,1 baño,No disponible,No disponible,argenprop,Tucuman
300000,No disponible,JUAN PADROS 500,70  m² cubie.,3 dorm.,1 baño,No disponible,No disponible,argenprop,Tucuman
500000,No disponible,Honduras 100,50  m² cubie.,No disponible,No disponible,No disponible,No disponible,argenprop,Tucuman
380000,No disponible,Barrio Oeste 2,70  m² cubie.,2 dorm.,No disponible,No disponible,3 ambientes,argenprop,Tucuman
380000,30000,España 1400,70  m² cubie.,2 dorm.,No disponible,No disponible,3 ambientes,argenprop,Tucuman
430000,29000,Las Heras C 400,70  m² cubie.,1 dorm.,No disponible,3 años,No disponible,argenprop,Tucuman
390000,43000,Bernabe Araoz C 100,55  m² cubie.,1 dorm.,No disponible,No disponible,2 ambientes,argenprop,Tucuman
410000,30000,Jujuy  D 200,46  m² cubie.,1 dorm.,No disponible,No disponible,2 ambientes,argenprop,Tucuman
380000,134000,Rivadavia 900,98  m² cubie.,1 dorm.,No disponible,No disponible,2 ambientes,argenprop,Tucuman
650000,No disponible,Santiago Del Estero 100,70  m² cubie.,2 dorm.,No disponible,13 años,No disponible,argenprop,Tucuman
390000,35000,General Paz 900,55  m² cubie.,1 dorm.,No disponible,No disponible,2 ambientes,argenprop,Tucuman
310000,39700,Pasaje  Jose Maria Gutierrez al 1400,28  m² cubie.,No disponible,1 baño,a estrenar,No disponible,argenprop,Tucuman
390000,27000,Jujuy  E 200,65  m² cubie.,1 dorm.,No disponible,No disponible,2 ambientes,argenprop,Tucuman
440000,46000,Av. Soldati A 200,65  m² cubie.,1 dorm.,No disponible,12 años,No disponible,argenprop,Tucuman
580000,86000,San Lorenzo 800,65  m² cubie.,2 dorm.,No disponible,No disponible,3 ambientes,argenprop,Tucuman
430000,No disponible,Las Heras C 400,70  m² cubie.,1 dorm.,No disponible,3 años,No disponible,argenprop,Tucuman
390000,30000,Bernabe Araoz C 100,55  m² cubie.,1 dorm.,No disponible,No disponible,2 ambientes,argenprop,Tucuman
420000,30000,Jujuy C 200,55  m² cubie.,1 dorm.,No disponible,No disponible,2 ambientes,argenprop,Tucuman
420000,30000,Jujuy  D 200,46  m² cubie.,1 dorm.,No disponible,No disponible,2 ambientes,argenprop,Tucuman
500000,No disponible,Laprida 400,65  m² cubie.,2 dorm.,No disponible,40 años,No disponible,argenprop,Tucuman
200000,No disponible,Pellegrini 300,No disponible,No disponible,No disponible,No disponible,No disponible,argenprop,Tucuman
315000,26000,CRISóSTOMO ÁLVAREZ 1600,60  m² cubie.,1 dorm.,No disponible,No disponible,2 ambientes,argenprop,Tucuman
300000,50000,General Paz 1000,60  m² cubie.,1 dorm.,No disponible,No disponible,2 ambientes,argenprop,Tucuman
420000,No disponible,Jujuy C 200,55  m² cubie.,1 dorm.,No disponible,No disponible,2 ambientes,argenprop,Tucuman
420000,30000,Jujuy  D 200,46  m² cubie.,1 dorm.,No disponible,No disponible,2 ambientes,argenprop,Tucuman
420000,No disponible,Jujuy B 200,60  m² cubie.,No disponible,No disponible,No disponible,No disponible,argenprop,Tucuman
450000,63000,Amador Lucero B 100,61  m² cubie.,1 dorm.,No disponible,1 año,No disponible,argenprop,Tucuman
210000,25000,Pasaje Gatibaldi 100,35  m² cubie.,No disponible,No disponible,No disponible,No disponible,argenprop,Tucuman
450000,32000,Amador Lucero D 100,60  m² cubie.,1 dorm.,No disponible,1 año,No disponible,argenprop,Tucuman
700000,No disponible,Las Heras A 400,145  m² cubie.,2 dorm.,2 baños,No disponible,No disponible,argenprop,Tucuman
320000,45000,Ayacucho 700,35  m² cubie.,1 dorm.,No disponible,No disponible,2 ambientes,argenprop,Tucuman
470000,No disponible,Balcarce 600,70  m² cubie.,1 dorm.,No disponible,a estrenar,No disponible,argenprop,Tucuman
330000,40000,La Rioja 300,No disponible,No disponible,No disponible,No disponible,No disponible,argenprop,Tucuman
490000,44000,Amador Lucero E 100,74  m² cubie.,1 dorm.,No disponible,1 año,No disponible,argenprop,Tucuman
350000,No disponible,"Balcarce 400, Piso 2",47  m² cubie.,1 dorm.,No disponible,10 años,No disponible,argenprop,Tucuman
430000,No disponible,Balcarce 600,50  m² cubie.,1 dorm.,No disponible,a estrenar,No disponible,argenprop,Tucuman
168795000,No disponible,Avenida Manuel Belgrano 4500,"81,54  m² cubie.",1 dorm.,No disponible,1 año,No disponible,argenprop,Tucuman
240000,20000,Bernardino Rivadavia 1200,35  m² cubie.,1 dorm.,No disponible,10 años,No disponible,argenprop,Tucuman
450000,84121,"Rojas 400, Piso 4",33  m² cubie.,1 dorm.,No disponible,45 años,No disponible,argenprop,Caba
390000,100000,"Gral M Soler 3500, Piso 1",37  m² cubie.,No disponible,1 baño,40 años,No disponible,argenprop,Caba
590000,105000,Doctor Tomás Manuel De Anchorena 1300,36  m² cubie.,No disponible,1 baño,a estrenar,No disponible,argenprop,Caba
500000,105000,"JUNCAL 1100, Piso 4",35  m² cubie.,1 dorm.,No disponible,60 años,No disponible,argenprop,Caba
550000,No disponible,"*RESERVADO * 2000, Piso 3",39  m² cubie.,1 dorm.,No disponible,40 años,No disponible,argenprop,Caba
1331000,227000,Arce al 200,50  m² cubie.,1 dorm.,No disponible,24 años,No disponible,argenprop,Caba
550000,65000,"Guayaquil 100, Piso 5",40  m² cubie.,1 dorm.,No disponible,50 años,No disponible,argenprop,Caba
450000,61000,"Juan Bautista Alberdi 800, Piso 4",33  m² cubie.,1 dorm.,No disponible,40 años,No disponible,argenprop,Caba
1210000,100000,"General Martín De Gainza 400, Piso 7",No disponible,2 dorm.,2 baños,1 año,No disponible,argenprop,Caba
400000,72180,"Alberdi 2800, Piso 3",27  m² cubie.,No disponible,1 baño,5 años,No disponible,argenprop,Caba
650000,140000,"Argerich 1000, Piso 7",60  m² cubie.,2 dorm.,No disponible,40 años,No disponible,argenprop,Caba
1000000,230000,"J Bonifacio 600, Piso 1",70  m² cubie.,2 dorm.,No disponible,10 años,No disponible,argenprop,Caba
390000,100000,"Gral M Soler 3500, Piso 1",37  m² cubie.,No disponible,1 baño,40 años,No disponible,argenprop,Caba
840000,214453,"Hidalgo 300, Piso 6",55  m² cubie.,2 dorm.,No disponible,15 años,No disponible,argenprop,Caba
670000,130000,Avenida Luis María Campos 300,37  m² cubie.,1 dorm.,1 baño,No disponible,No disponible,argenprop,Caba
1300000,320000,"DOBLAS 900, Piso 21",70  m² cubie.,2 dorm.,No disponible,4 años,No disponible,argenprop,Caba
713900,No disponible,"Vicente  Lopez 1900, Piso 2",32  m² cubie.,No disponible,No disponible,No disponible,No disponible,argenprop,Caba
1149500,350000,"Paunero 2700, Piso 5",60  m² cubie.,2 dorm.,No disponible,20 años,No disponible,argenprop,Caba
750000,140000,"Davila 800, Piso 3",73  m² cubie.,2 dorm.,No disponible,40 años,No disponible,argenprop,Caba
900000,90000,"Aranguren 1900, Piso 9",50  m² cubie.,No disponible,No disponible,a estrenar,2 ambientes,argenprop,Caba
459000,50000,Santiago 1333,45  m² cubie.,1 dorm.,No disponible,10 años,No disponible,argenprop,Rosario
428400,70000,3 de Febrero 385,60  m² cubie.,1 dorm.,No disponible,a estrenar,No disponible,argenprop,Rosario
397800,60000,Ituzaingo 1954,45  m² cubie.,1 dorm.,No disponible,10 años,No disponible,argenprop,Rosario
382500,50000,Riobamba  al 183,50  m² cubie.,1 dorm.,No disponible,a estrenar,No disponible,argenprop,Rosario
1500000,300000,"Av. Carballo 100, Piso 8",112  m² cubie.,3 dorm.,No disponible,8 años,No disponible,argenprop,Rosario
790000,230000,"Torre Arealis - Puerto Norte , Piso 05",50  m² cubie.,1 dorm.,1 baño,No disponible,No disponible,argenprop,Rosario
800000,51000,"Catamarca 1900, Piso 2",74  m² cubie.,3 dorm.,2 baños,No disponible,No disponible,argenprop,Rosario
520000,200000,"Mitre 500, Piso 13",85  m² cubie.,2 dorm.,No disponible,65 años,No disponible,argenprop,Rosario
880000,No disponible,La Paz al 200,80  m² cubie.,2 dorm.,No disponible,14 años,No disponible,argenprop,Rosario
650000,220000,Cordoba  al 600,43  m² cubie.,1 dorm.,No disponible,10 años,No disponible,argenprop,Rosario
550000,100000,España  al 700,No disponible,2 dorm.,1 baño,30 años,No disponible,argenprop,Rosario
600000,105000,Rioja  al 1400,101  m² cubie.,3 dorm.,No disponible,a estrenar,No disponible,argenprop,Rosario
580000,No disponible,ALVEAR 472 - 2 - B,38  m² cubie.,1 dorm.,No disponible,a estrenar,No disponible,argenprop,Rosario
400000,45000,Zeballos 1683,35  m² cubie.,1 dorm.,No disponible,2 años,No disponible,argenprop,Rosario
510000,No disponible,Montevideo al 900,65  m² cubie.,2 dorm.,No disponible,46 años,No disponible,argenprop,Rosario
590000,135000,"BUENOS AIRES 1300, Piso 06",61  m² cubie.,2 dorm.,2 baños,No disponible,No disponible,argenprop,Rosario
907500000,No disponible,"9 DE JULIO 900, Piso 15",No disponible,2 dorm.,2 baños,No disponible,6 ambientes,argenprop,Rosario
300000,67147,España 1474 1° 100,"29,71  m² cubie.",No disponible,1 baño,6 años,No disponible,argenprop,Rosario
389000,47000,Pueyrredón y 3 de febrero,No disponible,No disponible,1 baño,8 años,No disponible,argenprop,Rosario
360000,60000,Brown al 2900,35  m² cubie.,No disponible,1 baño,a estrenar,No disponible,argenprop,Rosario
300000,No disponible,"San Juan 1500, Piso 7",27  m² cubie.,1 dorm.,No disponible,40 años,No disponible,argenprop,Rosario
290000,No disponible,"Moreno 300, Piso 4",No disponible,1 dorm.,1 baño,20 años,No disponible,argenprop,Rosario
580000,60000,"URQUIZA 1500, Piso 5",60  m² cubie.,3 dorm.,No disponible,30 años,No disponible,argenprop,Rosario
620000,73000,"Belgrano 900, Piso 8",45  m² cubie.,2 dorm.,No disponible,15 años,No disponible,argenprop,Rosario
550000,120000,Mendoza  al 300,45  m² cubie.,2 dorm.,No disponible,42 años,No disponible,argenprop,Rosario
410000,48000,"Doctor Luis Vila 700, Piso 02",35  m² cubie.,1 dorm.,No disponible,6 años,No disponible,argenprop,Rosario
320000,No disponible,San Juan al 1100,29  m² cubie.,No disponible,1 baño,a estrenar,No disponible,argenprop,Rosario
230000,50000,Entre rios 1800,24  m² cubie.,No disponible,1 baño,No disponible,No disponible,argenprop,Rosario
500000,No disponible,Mitre 1000,No disponible,2 dorm.,2 baños,No disponible,2 ambientes,argenprop,Rosario
400000,65000,"Av Francia 1600, Piso 1",56  m² cubie.,1 dorm.,No disponible,11 años,No disponible,argenprop,Rosario
250000,22000,Rioja 1632,40  m² cubie.,No disponible,1 baño,35 años,No disponible,argenprop,Rosario
230000,No disponible,"Ricchieri 1300, Piso 05",26  m² cubie.,1 dorm.,No disponible,125 años,No disponible,argenprop,Rosario
300000,No disponible,Rodriguez 1315,35  m² cubie.,1 dorm.,No disponible,a estrenar,No disponible,argenprop,Rosario
660000,49000,Balcarce y Brown,45  m² cubie.,1 dorm.,No disponible,2 años,No disponible,argenprop,Rosario
290000,90000,"ENTRE RIOS 2000, Piso 3",No disponible,1 dorm.,1 baño,35 años,No disponible,argenprop,Rosario
270000,27000,"Reconquista 1300, Piso 1",45  m² cubie.,1 dorm.,No disponible,5 años,No disponible,argenprop,Rosario
300000,30000,"RECONQUISTA 1300, Piso 1",50  m² cubie.,2 dorm.,No disponible,5 años,No disponible,argenprop,Rosario
1050000,No disponible,"Pje Campichuelo 800, Piso 9",210  m² cubie.,4 dorm.,No disponible,20 años,No disponible,argenprop,Rosario
520000,No disponible,BOULEVARD AVELLANEDA BIS 700,No disponible,1 dorm.,1 baño,No disponible,2 ambientes,argenprop,Rosario
700000,85000,"Leguizamon 1100, Piso 7",47  m² cubie.,1 dorm.,1 baño,No disponible,No disponible,argenprop,Rosario
770000,120000,Dorrego A 100,75  m² cubie.,2 dorm.,1 baño,No disponible,No disponible,argenprop,Rosario
350000,No disponible,"Italia 500, Piso 4",No disponible,1 dorm.,1 baño,No disponible,2 ambientes,argenprop,Rosario
290000,No disponible,"Juan manuel de rosas 1100, Piso 4",40  m² cubie.,1 dorm.,No disponible,20 años,No disponible,argenprop,Rosario
550000,No disponible,"Cerrito 1300, Piso 1","52,59  m² cubie.",2 dorm.,No disponible,8 años,No disponible,argenprop,Rosario
390000,No disponible,Alvear al 600,30  m² cubie.,No disponible,1 baño,a estrenar,No disponible,argenprop,Rosario
285000,50000,"Buenos Aires 1600, Piso 1",39  m² cubie.,1 dorm.,No disponible,50 años,No disponible,argenprop,Rosario
470000,No disponible,"Mariano Moreno 1200, Piso 1",66  m² cubie.,1 dorm.,1 baño,No disponible,No disponible,argenprop,Rosario
300000,No disponible,San Lorenzo  al 800,No disponible,1 dorm.,1 baño,50 años,No disponible,argenprop,Rosario
300000,No disponible,Urquiza al 1500,37  m² cubie.,1 dorm.,No disponible,40 años,No disponible,argenprop,Rosario
180000,18000,"Reconquista 1300, Piso 1",32  m² cubie.,1 dorm.,No disponible,5 años,No disponible,argenprop,Rosario
900000,90000,Vicealmirante O'Connor al 300,45  m² cubie.,1 dorm.,No disponible,45 años,No disponible,argenprop,Bariloche
590000,No disponible,Av De Los Pioneros 4700,No disponible,No disponible,No disponible,No disponible,No disponible,argenprop,Bariloche
900000,No disponible,Onelli 100,No disponible,No disponible,No disponible,No disponible,No disponible,argenprop,Bariloche
650000,No disponible,Calle 6,No disponible,No disponible,No disponible,No disponible,No disponible,argenprop,Bariloche
600000,No disponible,Tronador 1700,21  m² cubie.,No disponible,1 baño,a estrenar,No disponible,argenprop,Bariloche
1210000,85950,Salta al 400,71  m² cubie.,2 dorm.,No disponible,30 años,No disponible,argenprop,Bariloche
950000,No disponible,Av. Bustillo al 4400,No disponible,2 dorm.,1 baño,25 años,No disponible,argenprop,Bariloche
1500000,No disponible,Los Molles 1900,80  m² cubie.,2 dorm.,2 baños,No disponible,No disponible,argenprop,Bariloche
600000,No disponible,Tronador  al 1700  Monoambiente Alquiler,20  m² cubie.,No disponible,1 baño,a estrenar,No disponible,argenprop,Bariloche
1200000,120000,24 de Junio  al 700,50  m² cubie.,1 dorm.,No disponible,a estrenar,No disponible,argenprop,Bariloche
900000,108000,20 de Junio 700,50  m² cubie.,1 dorm.,No disponible,a estrenar,No disponible,argenprop,Bariloche
1100000,118500,20 de Junio 700,50  m² cubie.,1 dorm.,No disponible,a estrenar,No disponible,argenprop,Bariloche
1300000,No disponible,"Barrio Melipal, San Carlos de Bariloche",50  m² cubie.,1 dorm.,No disponible,a estrenar,No disponible,argenprop,Bariloche
750000,No disponible,ELORDI  al 1600,No disponible,1 dorm.,1 baño,a estrenar,No disponible,argenprop,Bariloche
750000,No disponible,Combate rio santiago al 3700,30  m² cubie.,No disponible,1 baño,a estrenar,No disponible,argenprop,Bariloche
1200000,No disponible,Palacios 654,48  m² cubie.,1 dorm.,No disponible,10 años,No disponible,argenprop,Bariloche
1200000,No disponible,Gallardo al 600,No disponible,2 dorm.,1 baño,10 años,No disponible,argenprop,Bariloche
950000,No disponible,"Exequiel Bustillo 15400, Piso 2",75  m² cubie.,2 dorm.,No disponible,15 años,No disponible,argenprop,Bariloche
800000,No disponible,"Asuncion 1000, Piso P.A",75  m² cubie.,2 dorm.,No disponible,10 años,No disponible,argenprop,Bariloche
747500,No disponible,"9 de julio 400, Piso 0",45  m² cubie.,1 dorm.,No disponible,2025 años,No disponible,argenprop,Bariloche
690000,No disponible,"9 de julio 400, Piso 0",85  m² cubie.,1 dorm.,No disponible,2025 años,No disponible,argenprop,Bariloche
1200000,140000,Avenida Exequiel Bustillo 7800,"54,70  m² cubie.",1 dorm.,No disponible,11 años,No disponible,argenprop,Bariloche
54000,No disponible,Los Pehuenes 1600,20  m² cubie.,No disponible,1 baño,a estrenar,No disponible,argenprop,Bariloche
1000000,No disponible,De la tempestad 1000,60  m² cubie.,1 dorm.,1 baño,No disponible,No disponible,argenprop,Bariloche
500000,No disponible,Val Sereno 100,30  m² cubie.,No disponible,1 baño,1 año,No disponible,argenprop,Bariloche
968000,65000,Mitre 100,35  m² cubie.,1 dorm.,No disponible,52 años,No disponible,argenprop,Bariloche
1500000,35000,Albarracín 600,74  m² cubie.,3 dorm.,No disponible,35 años,No disponible,argenprop,Bariloche
1000000,No disponible,Chubut 100,80  m² cubie.,3 dorm.,No disponible,30 años,No disponible,argenprop,Bariloche
786500,No disponible,Ada María Elflein 800,40  m² cubie.,No disponible,1 baño,a estrenar,No disponible,argenprop,Bariloche
968000,No disponible,FREY 200,42  m² cubie.,1 dorm.,No disponible,27 años,No disponible,argenprop,Bariloche
